{"cameraMode":{"drawMode":0,"name":"Shaded","section":"Shading Mode"},"sceneLighting":true,"audioPlay":false,"sceneViewState":{"m_AlwaysRefresh":false,"showFog":true,"showSkybox":true,"showFlares":true,"showImageEffects":true,"showParticleSystems":true,"showVisualEffectGraphs":true,"m_FxEnabled":true},"in2DMode":false,"pivot":{"x":2.091576099395752,"y":-4.012287139892578,"z":65.44953155517578},"rotation":{"x":0.01530006155371666,"y":0.03448503836989403,"z":-0.0005277228774502873,"w":0.9992849230766296},"size":36.312156677246097,"orthographic":false}